Country,Country Code,Indicator Name,Indicator Code,id,1961,1962,1963,1964,1965,1966,1967,1968,1969,1970,1971,1972,1973,1974,1975,1976,1977,1978,1979,1980,1981,1982,1983,1984,1985,1986,1987,1988,1989,1990,1991,1992,1993,1994,1995,1996,1997,1998,1999,2000,2001,2002,2003,2004,2005,y2006,y2007,y2008,y2009,y2010,y2011,y2012,y2013,2014
Aruba,ABW,"International tourism, expenditures (% of total imports)",ST.INT.XPND.MP.ZS,533,,,,,,,,,,,,,,,,,,,,,,,,,,,,,,,,,,,,,,,,,,,,,4.9921062,4.398184809,4.567405377,3.993012556,8.392264114,12.58695476,4.245491959,10.27650849,15.38694916,
Andorra,AND,"International tourism, expenditures (% of total imports)",ST.INT.XPND.MP.ZS,20,,,,,,,,,,,,,,,,,,,,,,,,,,,,,,,,,,,,,,,,,,,,,,,,,,,,,,
Afghanistan,AFG,"International tourism, expenditures (% of total imports)",ST.INT.XPND.MP.ZS,4,,,,,,,,,,,,,,,,,,,,,,,,,,,,,,,,,,,,,,,,,,,,,,,,1.605071207,1.418208126,1.291409132,1.587596134,0.687471755,0.888075448,
Angola,AGO,"International tourism, expenditures (% of total imports)",ST.INT.XPND.MP.ZS,24,,,,,,,,,,,,,,,,,,,,,,,,,,,,,,,,,,,,,,,,,,,,,0.891429156,2.412698166,1.798157073,1.036605129,0.645479784,0.776370723,0.735791048,0.637052396,0.648500608,
Albania,ALB,"International tourism, expenditures (% of total imports)",ST.INT.XPND.MP.ZS,8,,,,,,,,,,,,,,,,,,,,,,,,,,,,,,,,,,,,,,,,,,,,,23.08341192,24.28115703,24.90579768,24.42478391,28.08384962,25.14778826,25.01082336,23.46726203,25.46201552,
Arab World,ARB,"International tourism, expenditures (% of total imports)",ST.INT.XPND.MP.ZS,,,,,,,,,,,,,,,,,,,,,,,,,,,,,,,,,,,,,,,,,,,,,,8.361888552,8.897655684,9.554050866,7.167634668,8.695868577,8.701044319,8.176220691,8.034787931,8.857114281,
United Arab Emirates,ARE,"International tourism, expenditures (% of total imports)",ST.INT.XPND.MP.ZS,784,,,,,,,,,,,,,,,,,,,,,,,,,,,,,,,,,,,,,,,,,,,,,,,,,,,,,,
Argentina,ARG,"International tourism, expenditures (% of total imports)",ST.INT.XPND.MP.ZS,32,,,,,,,,,,,,,,,,,,,,,,,,,,,,,,,,,,,,,,,,,,,,,10.21352709,9.855133443,9.512232697,8.787010788,11.71294741,9.305060178,8.422571403,9.912531756,9.13089038,
Armenia,ARM,"International tourism, expenditures (% of total imports)",ST.INT.XPND.MP.ZS,51,,,,,,,,,,,,,,,,,,,,,,,,,,,,,,,,,,,,,,,,,,,,,11.37660646,11.08428895,9.530568247,7.979859669,10.39845927,10.59918523,11.59683751,11.55004945,11.72563144,
American Samoa,ASM,"International tourism, expenditures (% of total imports)",ST.INT.XPND.MP.ZS,16,,,,,,,,,,,,,,,,,,,,,,,,,,,,,,,,,,,,,,,,,,,,,,,,,,,,,,
Antigua and Barbuda,ATG,"International tourism, expenditures (% of total imports)",ST.INT.XPND.MP.ZS,28,,,,,,,,,,,,,,,,,,,,,,,,,,,,,,,,,,,,,,,,,,,,,5.85891288,5.498445201,5.577172205,6.09110677,7.643559715,7.511821279,7.636633261,7.125952669,7.003787714,
Australia,AUS,"International tourism, expenditures (% of total imports)",ST.INT.XPND.MP.ZS,36,,,,,,,,,,,,,,,,,,,,,,,,,,,,,,,,,,,,,,,,,,,,,10.6086965,10.17055229,10.71363372,10.37107933,11.05583389,10.96220498,10.90074241,10.46725851,11.03437515,
Austria,AUT,"International tourism, expenditures (% of total imports)",ST.INT.XPND.MP.ZS,40,,,,,,,,,,,,,,,,,,,,,,,,,,,,,,,,,,,,,,,,,,,,,7.436746537,7.144462102,6.507018526,6.380950127,7.364738318,6.588390828,5.852884855,5.927298168,5.880101371,
Azerbaijan,AZE,"International tourism, expenditures (% of total imports)",ST.INT.XPND.MP.ZS,31,,,,,,,,,,,,,,,,,,,,,,,,,,,,,,,,,,,,,,,,,,,,,2.760466536,3.2436013,4.113598813,4.063909251,4.986244403,8.362321412,11.31949681,15.0462233,15.55442682,
Burundi,BDI,"International tourism, expenditures (% of total imports)",ST.INT.XPND.MP.ZS,108,,,,,,,,,,,,,,,,,,,,,,,,,,,,,,,,,,,,,,,,,,,,,19.19547639,28.19227552,24.29785264,25.41039287,13.66275399,5.768512955,6.402538914,4.44382945,5.935814878,
Belgium,BEL,"International tourism, expenditures (% of total imports)",ST.INT.XPND.MP.ZS,56,,,,,,,,,,,,,,,,,,,,,,,,,,,,,,,,,,,,,,,,,,,,,6.061685242,5.998003775,5.406841275,5.115832755,6.150850696,5.825260927,5.317616859,5.437460593,5.504715705,
Benin,BEN,"International tourism, expenditures (% of total imports)",ST.INT.XPND.MP.ZS,204,,,,,,,,,,,,,,,,,,,,,,,,,,,,,,,,,,,,,,,,,,,,,5.067292018,5.078846227,5.089585693,4.25047306,3.939720868,3.974021199,3.51527698,3.710508297,,
Burkina Faso,BFA,"International tourism, expenditures (% of total imports)",ST.INT.XPND.MP.ZS,854,,,,,,,,,,,,,,,,,,,,,,,,,,,,,,,,,,,,,,,,,,,,,5.309725617,5.791000415,5.465848819,4.675658642,5.716304133,4.302389699,,,,
Bangladesh,BGD,"International tourism, expenditures (% of total imports)",ST.INT.XPND.MP.ZS,50,,,,,,,,,,,,,,,,,,,,,,,,,,,,,,,,,,,,,,,,,,,,,2.464236885,2.769377558,2.751649396,2.847541232,2.80722736,2.605741361,2.11909227,2.396439748,3.133945472,
Bulgaria,BGR,"International tourism, expenditures (% of total imports)",ST.INT.XPND.MP.ZS,100,,,,,,,,,,,,,,,,,,,,,,,,,,,,,,,,,,,,,,,,,,,,,9.01582061,8.00073545,6.077764741,6.336073384,7.190749625,4.863738515,4.225487162,4.15303569,4.679564678,
Bahrain,BHR,"International tourism, expenditures (% of total imports)",ST.INT.XPND.MP.ZS,48,,,,,,,,,,,,,,,,,,,,,,,,,,,,,,,,,,,,,,,,,,,,,5.579875385,5.528139524,5.314291732,4.325299433,5.258063761,5.22317675,6.474935351,6.039642244,5.737096915,
"Bahamas, The",BHS,"International tourism, expenditures (% of total imports)",ST.INT.XPND.MP.ZS,44,,,,,,,,,,,,,,,,,,,,,,,,,,,,,,,,,,,,,,,,,,,,,14.41110524,12.35901923,11.85933106,9.995777925,10.34337874,9.781060633,8.149226188,7.799922245,7.550771639,
Bosnia and Herzegovina,BIH,"International tourism, expenditures (% of total imports)",ST.INT.XPND.MP.ZS,70,,,,,,,,,,,,,,,,,,,,,,,,,,,,,,,,,,,,,,,,,,,,,2.002585523,2.577913748,3.017034714,3.087298873,3.357718377,2.872909118,2.108954886,1.851979325,1.65200306,
Belarus,BLR,"International tourism, expenditures (% of total imports)",ST.INT.XPND.MP.ZS,112,,,,,,,,,,,,,,,,,,,,,,,,,,,,,,,,,,,,,,,,,,,,,3.000924704,2.926968874,2.440241058,2.104258677,2.513511797,2.032509279,1.526829473,1.93264291,2.875714344,
Belize,BLZ,"International tourism, expenditures (% of total imports)",ST.INT.XPND.MP.ZS,84,,,,,,,,,,,,,,,,,,,,,,,,,,,,,,,,,,,,,,,,,,,,,6.40108221,5.733087346,5.729417301,4.593791382,5.496900957,4.817107399,3.897779865,3.804687044,3.875617967,
Bermuda,BMU,"International tourism, expenditures (% of total imports)",ST.INT.XPND.MP.ZS,60,,,,,,,,,,,,,,,,,,,,,,,,,,,,,,,,,,,,,,,,,,,,,,20.14057508,19.85998663,20.85697147,19.86796159,20.83589519,18.13888732,18.17715636,16.88543381,
Bolivia,BOL,"International tourism, expenditures (% of total imports)",ST.INT.XPND.MP.ZS,68,,,,,,,,,,,,,,,,,,,,,,,,,,,,,,,,,,,,,,,,,,,,,8.971757877,10.41396839,9.299056235,6.593845916,7.525519852,6.839314593,4.67124674,5.061039332,4.655340191,
Brazil,BRA,"International tourism, expenditures (% of total imports)",ST.INT.XPND.MP.ZS,76,,,,,,,,,,,,,,,,,,,,,,,,,,,,,,,,,,,,,,,,,,,,,6.112145172,6.277041699,6.61257121,6.02459705,7.382476952,7.918840038,8.290504764,8.616580458,9.01037073,
Barbados,BRB,"International tourism, expenditures (% of total imports)",ST.INT.XPND.MP.ZS,52,,,,,,,,,,,,,,,,,,,,,,,,,,,,,,,,,,,,,,,,,,,,,12.61902564,12.37795514,12.24529778,10.86218793,14.10721655,15.66682118,,,,
Brunei Darussalam,BRN,"International tourism, expenditures (% of total imports)",ST.INT.XPND.MP.ZS,96,,,,,,,,,,,,,,,,,,,,,,,,,,,,,,,,,,,,,,,,,,,,,14.82990912,14.56163506,12.99633502,10.77418454,12.83424761,,,8.748330372,,
Bhutan,BTN,"International tourism, expenditures (% of total imports)",ST.INT.XPND.MP.ZS,64,,,,,,,,,,,,,,,,,,,,,,,,,,,,,,,,,,,,,,,,,,,,,,4.405245848,4.434294949,8.489644024,4.984116032,4.597738682,4.445932274,5.788359622,5.913850749,
Botswana,BWA,"International tourism, expenditures (% of total imports)",ST.INT.XPND.MP.ZS,72,,,,,,,,,,,,,,,,,,,,,,,,,,,,,,,,,,,,,,,,,,,,,8.752275866,8.353075943,5.956266323,0.94329413,1.491451999,1.392117655,1.014492507,0.848781974,0.588025828,
Central African Republic,CAF,"International tourism, expenditures (% of total imports)",ST.INT.XPND.MP.ZS,140,,,,,,,,,,,,,,,,,,,,,,,,,,,,,,,,,,,,,,,,,,,,,,,,,,,,,,
Canada,CAN,"International tourism, expenditures (% of total imports)",ST.INT.XPND.MP.ZS,124,,,,,,,,,,,,,,,,,,,,,,,,,,,,,,,,,,,,,,,,,,,,,5.905185253,6.066645591,6.602773404,6.667411209,7.299850732,7.396659191,7.255738534,7.322039168,6.015891901,
Central Europe and the Baltics,CEB,"International tourism, expenditures (% of total imports)",ST.INT.XPND.MP.ZS,,,,,,,,,,,,,,,,,,,,,,,,,,,,,,,,,,,,,,,,,,,,,,4.37172448,4.086352916,3.745712369,3.950684931,4.333471964,3.765357746,3.354715561,3.396830415,3.438743158,
Switzerland,CHE,"International tourism, expenditures (% of total imports)",ST.INT.XPND.MP.ZS,756,,,,,,,,,,,,,,,,,,,,,,,,,,,,,,,,,,,,,,,,,,,,,6.179525636,5.926562562,5.615436835,5.073572005,5.370379336,4.704849622,4.462932771,4.778248294,4.713527342,
Channel Islands,CHI,"International tourism, expenditures (% of total imports)",ST.INT.XPND.MP.ZS,,,,,,,,,,,,,,,,,,,,,,,,,,,,,,,,,,,,,,,,,,,,,,,,,,,,,,,
Chile,CHL,"International tourism, expenditures (% of total imports)",ST.INT.XPND.MP.ZS,152,,,,,,,,,,,,,,,,,,,,,,,,,,,,,,,,,,,,,,,,,,,,,3.542672071,3.545858793,3.782856987,2.573457519,2.971984606,2.643249212,2.364927566,2.635557974,2.743116889,
China,CHN,"International tourism, expenditures (% of total imports)",ST.INT.XPND.MP.ZS,156,,,,,,,,,,,,,,,,,,,,,,,,,,,,,,,,,,,,,,,,,,,,,3.827778,3.693988408,3.511906078,3.580483441,4.52873761,4.2002073,4.368187542,5.617278291,6.501238414,
Cote d'Ivoire,CIV,"International tourism, expenditures (% of total imports)",ST.INT.XPND.MP.ZS,,,,,,,,,,,,,,,,,,,,,,,,,,,,,,,,,,,,,,,,,,,,,,7.450951023,7.676285133,7.062263203,6.295938044,6.080751623,5.280543663,,,,
Cameroon,CMR,"International tourism, expenditures (% of total imports)",ST.INT.XPND.MP.ZS,120,,,,,,,,,,,,,,,,,,,,,,,,,,,,,,,,,,,,,,,,,,,,,11.04318173,11.19597588,7.785376624,6.999091888,7.636371279,4.159178546,7.572345989,8.18641684,8.990377705,
"Congo, Rep.",COG,"International tourism, expenditures (% of total imports)",ST.INT.XPND.MP.ZS,178,,,,,,,,,,,,,,,,,,,,,,,,,,,,,,,,,,,,,,,,,,,,,4.113671193,2.980074024,2.630838735,,,,,,,
Colombia,COL,"International tourism, expenditures (% of total imports)",ST.INT.XPND.MP.ZS,170,,,,,,,,,,,,,,,,,,,,,,,,,,,,,,,,,,,,,,,,,,,,,7.610325968,6.99164816,6.483758025,6.110521115,7.112476433,6.674839899,5.768225862,6.334478195,6.418568004,
Comoros,COM,"International tourism, expenditures (% of total imports)",ST.INT.XPND.MP.ZS,174,,,,,,,,,,,,,,,,,,,,,,,,,,,,,,,,,,,,,,,,,,,,,14.4527732,15.41747083,14.6328157,12.14135545,11.83015984,12.16253036,12.05291093,11.50290632,,
Cabo Verde,CPV,"International tourism, expenditures (% of total imports)",ST.INT.XPND.MP.ZS,,,,,,,,,,,,,,,,,,,,,,,,,,,,,,,,,,,,,,,,,,,,,,12.77652571,13.18745717,11.90198697,12.08734854,13.39262329,12.3905778,10.33961026,11.46385063,11.15444706,
Costa Rica,CRI,"International tourism, expenditures (% of total imports)",ST.INT.XPND.MP.ZS,188,,,,,,,,,,,,,,,,,,,,,,,,,,,,,,,,,,,,,,,,,,,,,7.154527202,6.522937265,7.000547932,5.532310857,4.85186146,4.634687318,3.838968528,3.863783904,3.80106508,
Caribbean small states,CSS,"International tourism, expenditures (% of total imports)",ST.INT.XPND.MP.ZS,,,,,,,,,,,,,,,,,,,,,,,,,,,,,,,,,,,,,,,,,,,,,,6.889218618,5.880912364,5.367402917,4.1482826,5.172977283,5.147193423,3.027306502,4.030283519,5.114236744,
Cuba,CUB,"International tourism, expenditures (% of total imports)",ST.INT.XPND.MP.ZS,192,,,,,,,,,,,,,,,,,,,,,,,,,,,,,,,,,,,,,,,,,,,,,,,,,,,,,,
Curacao,CUW,"International tourism, expenditures (% of total imports)",ST.INT.XPND.MP.ZS,,,,,,,,,,,,,,,,,,,,,,,,,,,,,,,,,,,,,,,,,,,,,,,,,,,,,,,
Cayman Islands,CYM,"International tourism, expenditures (% of total imports)",ST.INT.XPND.MP.ZS,136,,,,,,,,,,,,,,,,,,,,,,,,,,,,,,,,,,,,,,,,,,,,,,,,,,,,,,
Cyprus,CYP,"International tourism, expenditures (% of total imports)",ST.INT.XPND.MP.ZS,196,,,,,,,,,,,,,,,,,,,,,,,,,,,,,,,,,,,,,,,,,,,,,11.77943782,11.11762244,13.25844851,13.2858382,15.25248913,13.29255495,14.65814418,16.05701718,17.40340403,
Czech Republic,CZE,"International tourism, expenditures (% of total imports)",ST.INT.XPND.MP.ZS,203,,,,,,,,,,,,,,,,,,,,,,,,,,,,,,,,,,,,,,,,,,,,,3.524023037,3.228367209,3.294380097,3.590463574,3.960684718,3.389115732,3.220151755,3.134053946,3.315188483,
Germany,DEU,"International tourism, expenditures (% of total imports)",ST.INT.XPND.MP.ZS,276,,,,,,,,,,,,,,,,,,,,,,,,,,,,,,,,,,,,,,,,,,,,,9.05246776,7.93786956,7.673816851,7.475543035,8.239302501,7.176598721,6.651820281,6.633113947,7.087754469,
Djibouti,DJI,"International tourism, expenditures (% of total imports)",ST.INT.XPND.MP.ZS,262,,,,,,,,,,,,,,,,,,,,,,,,,,,,,,,,,,,,,,,,,,,,,3.987756171,3.529525083,2.497365911,2.244281094,3.099115639,4.284851283,5.088462262,4.174635432,3.442823495,
Dominica,DMA,"International tourism, expenditures (% of total imports)",ST.INT.XPND.MP.ZS,212,,,,,,,,,,,,,,,,,,,,,,,,,,,,,,,,,,,,,,,,,,,,,5.098785889,5.028851368,4.654473717,3.828455593,4.915567627,4.914586358,4.531603237,4.782315571,5.219423446,
Denmark,DNK,"International tourism, expenditures (% of total imports)",ST.INT.XPND.MP.ZS,208,,,,,,,,,,,,,,,,,,,,,,,,,,,,,,,,,,,,,,,,,,,,,6.107633189,5.632148652,5.712186007,5.4849886,6.669427203,6.570930627,6.159812008,6.188472636,6.345294415,
Dominican Republic,DOM,"International tourism, expenditures (% of total imports)",ST.INT.XPND.MP.ZS,214,,,,,,,,,,,,,,,,,,,,,,,,,,,,,,,,,,,,,,,,,,,,,5.777601899,4.443123974,4.125970302,3.42047398,4.431039303,3.579016798,3.410789779,3.347597008,3.60367656,
Algeria,DZA,"International tourism, expenditures (% of total imports)",ST.INT.XPND.MP.ZS,12,,,,,,,,,,,,,,,,,,,,,,,,,,,,,,,,,,,,,,,,,,,,,2.678571429,1.632685255,1.511877631,1.249288603,1.172331932,1.336686237,0.961276133,0.905865517,0.734353316,
East Asia & Pacific (developing only),EAP,"International tourism, expenditures (% of total imports)",ST.INT.XPND.MP.ZS,,,,,,,,,,,,,,,,,,,,,,,,,,,,,,,,,,,,,,,,,,,,,,3.977587469,3.939562017,3.858242817,3.847953942,4.589918967,4.306085118,4.260311864,5.124952141,5.848337115,
East Asia & Pacific (all income levels),EAS,"International tourism, expenditures (% of total imports)",ST.INT.XPND.MP.ZS,,,,,,,,,,,,,,,,,,,,,,,,,,,,,,,,,,,,,,,,,,,,,,5.462370659,4.876335911,4.782909501,4.427583939,5.050584046,4.713734824,4.448104943,4.869394546,5.190753508,
Europe & Central Asia (developing only),ECA,"International tourism, expenditures (% of total imports)",ST.INT.XPND.MP.ZS,,,,,,,,,,,,,,,,,,,,,,,,,,,,,,,,,,,,,,,,,,,,,,4.282760489,3.748088611,3.616150044,3.481703044,4.409410584,3.851554628,3.456532096,3.501117488,3.762643712,
Europe & Central Asia (all income levels),ECS,"International tourism, expenditures (% of total imports)",ST.INT.XPND.MP.ZS,,,,,,,,,,,,,,,,,,,,,,,,,,,,,,,,,,,,,,,,,,,,,,7.149377823,6.533585731,6.339241154,6.126432484,6.82833313,6.16163914,5.782601429,5.954277542,6.26501791,
Ecuador,ECU,"International tourism, expenditures (% of total imports)",ST.INT.XPND.MP.ZS,218,,,,,,,,,,,,,,,,,,,,,,,,,,,,,,,,,,,,,,,,,,,,,5.4340007,5.134935445,4.693094248,3.775366236,4.772971064,3.812553976,3.474432674,3.40581502,3.305279796,
"Egypt, Arab Rep.",EGY,"International tourism, expenditures (% of total imports)",ST.INT.XPND.MP.ZS,818,,,,,,,,,,,,,,,,,,,,,,,,,,,,,,,,,,,,,,,,,,,,,5.628337456,5.316538726,5.374631961,5.042931862,5.462268374,4.503676778,4.195102401,4.414192858,,
Euro area,EMU,"International tourism, expenditures (% of total imports)",ST.INT.XPND.MP.ZS,,,,,,,,,,,,,,,,,,,,,,,,,,,,,,,,,,,,,,,,,,,,,,6.642565189,6.066812841,5.914098376,5.879328171,6.651308829,5.909398191,5.549694649,5.534030366,5.750479709,
Eritrea,ERI,"International tourism, expenditures (% of total imports)",ST.INT.XPND.MP.ZS,232,,,,,,,,,,,,,,,,,,,,,,,,,,,,,,,,,,,,,,,,,,,,,,,,,,,,,,
Spain,ESP,"International tourism, expenditures (% of total imports)",ST.INT.XPND.MP.ZS,724,,,,,,,,,,,,,,,,,,,,,,,,,,,,,,,,,,,,,,,,,,,,,5.33846961,5.083748787,5.059580909,5.301543382,6.119230961,5.615802945,5.091444014,5.090313902,5.396754063,
Estonia,EST,"International tourism, expenditures (% of total imports)",ST.INT.XPND.MP.ZS,233,,,,,,,,,,,,,,,,,,,,,,,,,,,,,,,,,,,,,,,,,,,,,4.711828217,5.184922827,4.851757476,5.361440298,6.194628511,5.332779544,4.982150175,4.815987871,5.562787556,
Ethiopia,ETH,"International tourism, expenditures (% of total imports)",ST.INT.XPND.MP.ZS,231,,,,,,,,,,,,,,,,,,,,,,,,,,,,,,,,,,,,,,,,,,,,,1.573133794,1.838471456,1.549707985,1.625350608,1.537126646,1.442872394,1.459143209,1.280968139,,
European Union,EUU,"International tourism, expenditures (% of total imports)",ST.INT.XPND.MP.ZS,,,,,,,,,,,,,,,,,,,,,,,,,,,,,,,,,,,,,,,,,,,,,,7.09643003,6.504221861,6.347695593,6.184586419,6.789380951,6.075652591,5.690821482,5.739123622,5.95157026,
Fragile and conflict affected situations,FCS,"International tourism, expenditures (% of total imports)",ST.INT.XPND.MP.ZS,,,,,,,,,,,,,,,,,,,,,,,,,,,,,,,,,,,,,,,,,,,,,,4.791358074,5.400780904,5.453330975,4.582156312,4.877747463,5.268740335,4.099082454,4.511106505,4.005613159,
Finland,FIN,"International tourism, expenditures (% of total imports)",ST.INT.XPND.MP.ZS,246,,,,,,,,,,,,,,,,,,,,,,,,,,,,,,,,,,,,,,,,,,,,,4.986353501,4.93333363,4.896061238,4.788403068,6.196045276,5.775355316,5.552578782,5.65460175,6.136331398,
Fiji,FJI,"International tourism, expenditures (% of total imports)",ST.INT.XPND.MP.ZS,242,,,,,,,,,,,,,,,,,,,,,,,,,,,,,,,,,,,,,,,,,,,,,6.938248967,5.400708344,5.057681656,4.252604595,6.249709119,5.074939154,4.731263301,4.35129172,3.724073562,
France,FRA,"International tourism, expenditures (% of total imports)",ST.INT.XPND.MP.ZS,250,,,,,,,,,,,,,,,,,,,,,,,,,,,,,,,,,,,,,,,,,,,,,6.877466658,6.284509797,6.381564217,6.12044464,6.594685489,6.177580092,6.138048627,5.988631287,6.123955103,
Faeroe Islands,FRO,"International tourism, expenditures (% of total imports)",ST.INT.XPND.MP.ZS,,,,,,,,,,,,,,,,,,,,,,,,,,,,,,,,,,,,,,,,,,,,,,,,,,,,,,,
"Micronesia, Fed. Sts.",FSM,"International tourism, expenditures (% of total imports)",ST.INT.XPND.MP.ZS,583,,,,,,,,,,,,,,,,,,,,,,,,,,,,,,,,,,,,,,,,,,,,,,,,,,,,,,
Gabon,GAB,"International tourism, expenditures (% of total imports)",ST.INT.XPND.MP.ZS,266,,,,,,,,,,,,,,,,,,,,,,,,,,,,,,,,,,,,,,,,,,,,,14.46000983,,,,,,,,,
United Kingdom,GBR,"International tourism, expenditures (% of total imports)",ST.INT.XPND.MP.ZS,826,,,,,,,,,,,,,,,,,,,,,,,,,,,,,,,,,,,,,,,,,,,,,10.86408273,10.16898725,10.51766967,9.886864336,9.393019302,8.385577221,7.876120304,7.971225135,8.223871076,
Georgia,GEO,"International tourism, expenditures (% of total imports)",ST.INT.XPND.MP.ZS,268,,,,,,,,,,,,,,,,,,,,,,,,,,,,,,,,,,,,,,,,,,,,,7.253928171,5.872581927,4.711627472,4.510985121,5.92596879,5.381227624,4.807345397,5.157341856,5.799868156,
Ghana,GHA,"International tourism, expenditures (% of total imports)",ST.INT.XPND.MP.ZS,288,,,,,,,,,,,,,,,,,,,,,,,,,,,,,,,,,,,,,,,,,,,,,7.129477889,6.939002107,8.107540414,6.923133786,8.626510322,6.333781677,5.25905457,4.449668297,4.364813029,
Guinea,GIN,"International tourism, expenditures (% of total imports)",ST.INT.XPND.MP.ZS,324,,,,,,,,,,,,,,,,,,,,,,,,,,,,,,,,,,,,,,,,,,,,,3.698080891,3.26430522,6.346058503,1.657092355,2.013229796,0.944208392,1.833022842,1.307506362,2.152875324,
"Gambia, The",GMB,"International tourism, expenditures (% of total imports)",ST.INT.XPND.MP.ZS,270,,,,,,,,,,,,,,,,,,,,,,,,,,,,,,,,,,,,,,,,,,,,,2.59749621,2.529318131,2.183903978,2.220985149,2.62755787,3.448954591,3.02192378,1.821858857,,
Guinea-Bissau,GNB,"International tourism, expenditures (% of total imports)",ST.INT.XPND.MP.ZS,624,,,,,,,,,,,,,,,,,,,,,,,,,,,,,,,,,,,,,,,,,,,,,12.79935381,10.68273988,17.23543035,16.23392798,8.99024196,9.861873203,11.35576422,9.63543624,,
Equatorial Guinea,GNQ,"International tourism, expenditures (% of total imports)",ST.INT.XPND.MP.ZS,226,,,,,,,,,,,,,,,,,,,,,,,,,,,,,,,,,,,,,,,,,,,,,,,,,,,,,,
Greece,GRC,"International tourism, expenditures (% of total imports)",ST.INT.XPND.MP.ZS,300,,,,,,,,,,,,,,,,,,,,,,,,,,,,,,,,,,,,,,,,,,,,,4.570852836,3.712307569,3.386637568,3.314013345,4.0409864,3.577458782,3.740849241,3.44532787,3.690965143,
Grenada,GRD,"International tourism, expenditures (% of total imports)",ST.INT.XPND.MP.ZS,308,,,,,,,,,,,,,,,,,,,,,,,,,,,,,,,,,,,,,,,,,,,,,2.524233367,3.976186629,3.666485021,2.43506581,2.770239304,2.634565877,2.528473792,2.779994176,2.599027678,
Greenland,GRL,"International tourism, expenditures (% of total imports)",ST.INT.XPND.MP.ZS,304,,,,,,,,,,,,,,,,,,,,,,,,,,,,,,,,,,,,,,,,,,,,,,,,,,,,,,
Guatemala,GTM,"International tourism, expenditures (% of total imports)",ST.INT.XPND.MP.ZS,320,,,,,,,,,,,,,,,,,,,,,,,,,,,,,,,,,,,,,,,,,,,,,4.792922331,5.152287458,5.07876566,4.785147696,6.747750731,6.586155444,5.194767885,5.006221901,4.978778029,
Guam,GUM,"International tourism, expenditures (% of total imports)",ST.INT.XPND.MP.ZS,316,,,,,,,,,,,,,,,,,,,,,,,,,,,,,,,,,,,,,,,,,,,,,,,,,,,,,,
Guyana,GUY,"International tourism, expenditures (% of total imports)",ST.INT.XPND.MP.ZS,328,,,,,,,,,,,,,,,,,,,,,,,,,,,,,,,,,,,,,,,,,,,,,4.357436128,4.643783869,4.620067182,3.153798182,3.581713303,4.404050722,3.583945755,3.250000836,3.450256944,
High income,HIC,"International tourism, expenditures (% of total imports)",ST.INT.XPND.MP.ZS,,,,,,,,,,,,,,,,,,,,,,,,,,,,,,,,,,,,,,,,,,,,,,6.663152066,6.146237271,6.125309889,5.818671664,6.502240188,5.917862958,5.541095529,5.718729861,5.897523777,
"Hong Kong SAR, China",HKG,"International tourism, expenditures (% of total imports)",ST.INT.XPND.MP.ZS,344,,,,,,,,,,,,,,,,,,,,,,,,,,,,,,,,,,,,,,,,,,,,,4.434036246,4.170309297,4.04470258,4.005611897,4.265875738,3.806300406,3.662287591,3.560202847,3.467595706,
Honduras,HND,"International tourism, expenditures (% of total imports)",ST.INT.XPND.MP.ZS,340,,,,,,,,,,,,,,,,,,,,,,,,,,,,,,,,,,,,,,,,,,,,,5.947210411,6.794828581,3.973551091,4.075369645,5.301341691,5.221733528,4.549269549,4.631358083,5.004394914,
Heavily indebted poor countries (HIPC),HPC,"International tourism, expenditures (% of total imports)",ST.INT.XPND.MP.ZS,,,,,,,,,,,,,,,,,,,,,,,,,,,,,,,,,,,,,,,,,,,,,,6.626946203,7.267122774,6.620621778,5.660033752,6.019642198,5.259040097,4.765497256,4.274223831,4.477003887,
Croatia,HRV,"International tourism, expenditures (% of total imports)",ST.INT.XPND.MP.ZS,191,,,,,,,,,,,,,,,,,,,,,,,,,,,,,,,,,,,,,,,,,,,,,3.635181092,3.13182859,3.494894999,3.318681003,4.189329833,3.663802562,3.531305167,3.989820202,3.817690383,
Haiti,HTI,"International tourism, expenditures (% of total imports)",ST.INT.XPND.MP.ZS,332,,,,,,,,,,,,,,,,,,,,,,,,,,,,,,,,,,,,,,,,,,,,,9.390786235,11.16008891,13.88160792,13.42082487,15.44102311,10.05289734,10.33057923,11.27438974,9.480758499,
Hungary,HUN,"International tourism, expenditures (% of total imports)",ST.INT.XPND.MP.ZS,348,,,,,,,,,,,,,,,,,,,,,,,,,,,,,,,,,,,,,,,,,,,,,3.745815095,2.73105235,2.913515208,3.067689594,3.511490254,2.894006006,2.683684663,2.482239488,2.327650351,
Indonesia,IDN,"International tourism, expenditures (% of total imports)",ST.INT.XPND.MP.ZS,360,,,,,,,,,,,,,,,,,,,,,,,,,,,,,,,,,,,,,,,,,,,,,5.459823638,6.061147244,6.389452372,6.391779504,6.559030396,5.798210666,4.578909378,4.253342549,4.865779206,
Isle of Man,IMN,"International tourism, expenditures (% of total imports)",ST.INT.XPND.MP.ZS,833,,,,,,,,,,,,,,,,,,,,,,,,,,,,,,,,,,,,,,,,,,,,,,,,,,,,,,
India,IND,"International tourism, expenditures (% of total imports)",ST.INT.XPND.MP.ZS,356,,,,,,,,,,,,,,,,,,,,,,,,,,,,,,,,,,,,,,,,,,,,,4.551344045,3.882071273,3.83448577,3.184099224,2.836190851,2.389200354,2.47693665,2.432624812,2.471357557,
Not classified,INX,"International tourism, expenditures (% of total imports)",ST.INT.XPND.MP.ZS,,,,,,,,,,,,,,,,,,,,,,,,,,,,,,,,,,,,,,,,,,,,,,,,,,,,,,,
Ireland,IRL,"International tourism, expenditures (% of total imports)",ST.INT.XPND.MP.ZS,372,,,,,,,,,,,,,,,,,,,,,,,,,,,,,,,,,,,,,,,,,,,,,4.445043274,4.549966859,4.799671844,5.399083947,4.763576496,4.2366737,3.739423383,3.417755785,3.385113307,
"Iran, Islamic Rep.",IRN,"International tourism, expenditures (% of total imports)",ST.INT.XPND.MP.ZS,364,,,,,,,,,,,,,,,,,,,,,,,,,,,,,,,,,,,,,,,,,,,,,,,,,,,,,,
Iraq,IRQ,"International tourism, expenditures (% of total imports)",ST.INT.XPND.MP.ZS,368,,,,,,,,,,,,,,,,,,,,,,,,,,,,,,,,,,,,,,,,,,,,,2.402602628,2.173778283,3.2808857,2.177674683,2.784625946,3.549368001,3.630426802,3.724427072,,
Iceland,ISL,"International tourism, expenditures (% of total imports)",ST.INT.XPND.MP.ZS,352,,,,,,,,,,,,,,,,,,,,,,,,,,,,,,,,,,,,,,,,,,,,,21.16806048,18.63753139,21.30895058,19.31835225,16.28040365,15.90380552,15.61579443,16.66358907,13.14897576,
Israel,ISR,"International tourism, expenditures (% of total imports)",ST.INT.XPND.MP.ZS,376,,,,,,,,,,,,,,,,,,,,,,,,,,,,,,,,,,,,,,,,,,,,,6.549628161,6.542228201,6.333836169,5.568000076,6.677457244,6.137423737,5.310195209,5.227579117,5.655328694,
Italy,ITA,"International tourism, expenditures (% of total imports)",ST.INT.XPND.MP.ZS,380,,,,,,,,,,,,,,,,,,,,,,,,,,,,,,,,,,,,,,,,,,,,,5.968429451,5.319865952,5.460334787,5.739781125,6.973769427,5.842097337,5.589270464,5.856236728,5.962162554,
Jamaica,JAM,"International tourism, expenditures (% of total imports)",ST.INT.XPND.MP.ZS,388,,,,,,,,,,,,,,,,,,,,,,,,,,,,,,,,,,,,,,,,,,,,,4.859624264,4.437813282,4.006799158,3.147095349,4.074701567,3.641278628,2.721190902,2.117948076,5.06283312,
Jordan,JOR,"International tourism, expenditures (% of total imports)",ST.INT.XPND.MP.ZS,400,,,,,,,,,,,,,,,,,,,,,,,,,,,,,,,,,,,,,,,,,,,,,5.506224854,7.225454184,6.522022609,5.92871377,7.303110938,9.51670039,6.00906353,5.471122485,4.975840867,
Japan,JPN,"International tourism, expenditures (% of total imports)",ST.INT.XPND.MP.ZS,392,,,,,,,,,,,,,,,,,,,,,,,,,,,,,,,,,,,,,,,,,,,,,7.976706705,5.658586891,5.184502303,4.465541528,5.386745048,4.964178936,4.098103832,4.036902891,3.374686104,
Kazakhstan,KAZ,"International tourism, expenditures (% of total imports)",ST.INT.XPND.MP.ZS,398,,,,,,,,,,,,,,,,,,,,,,,,,,,,,,,,,,,,,,,,,,,,,3.692216044,3.223770685,3.10291441,2.745549929,3.381947136,3.36420828,3.567616797,3.284491226,3.286323813,
Kenya,KEN,"International tourism, expenditures (% of total imports)",ST.INT.XPND.MP.ZS,404,,,,,,,,,,,,,,,,,,,,,,,,,,,,,,,,,,,,,,,,,,,,,1.840090559,2.178427364,2.634443329,2.117971142,2.00855533,1.566734258,1.205000739,0.970994972,,
Kyrgyz Republic,KGZ,"International tourism, expenditures (% of total imports)",ST.INT.XPND.MP.ZS,417,,,,,,,,,,,,,,,,,,,,,,,,,,,,,,,,,,,,,,,,,,,,,6.734481411,6.305117738,6.680938798,9.649685332,7.668563201,7.27089188,8.000320208,8.153253172,7.511687447,
Cambodia,KHM,"International tourism, expenditures (% of total imports)",ST.INT.XPND.MP.ZS,116,,,,,,,,,,,,,,,,,,,,,,,,,,,,,,,,,,,,,,,,,,,,,2.995076738,3.153403097,3.636253145,3.011654576,2.988073704,4.156325514,4.16891664,4.218756965,4.170509278,
Kiribati,KIR,"International tourism, expenditures (% of total imports)",ST.INT.XPND.MP.ZS,296,,,,,,,,,,,,,,,,,,,,,,,,,,,,,,,,,,,,,,,,,,,,,,9.970572216,15.63423738,18.90352908,17.38731107,17.98035813,18.57961798,17.5223218,,
St. Kitts and Nevis,KNA,"International tourism, expenditures (% of total imports)",ST.INT.XPND.MP.ZS,,,,,,,,,,,,,,,,,,,,,,,,,,,,,,,,,,,,,,,,,,,,,,3.926763471,4.365586734,3.465002368,3.43247372,3.004275792,3.570943337,3.870586022,4.318757681,4.240593496,
"Korea, Rep.",KOR,"International tourism, expenditures (% of total imports)",ST.INT.XPND.MP.ZS,408,,,,,,,,,,,,,,,,,,,,,,,,,,,,,,,,,,,,,,,,,,,,,5.41044788,5.595498385,5.618273382,4.135774984,4.104872915,4.049456037,3.356831405,3.459907973,3.716135312,
Kosovo,,"International tourism, expenditures (% of total imports)",ST.INT.XPND.MP.ZS,-2,,,,,,,,,,,,,,,,,,,,,,,,,,,,,,,,,,,,,,,,,,,,,,,,,,,,,,
Kuwait,KWT,"International tourism, expenditures (% of total imports)",ST.INT.XPND.MP.ZS,414,,,,,,,,,,,,,,,,,,,,,,,,,,,,,,,,,,,,,,,,,,,,,21.02393268,22.59799206,21.81896086,21.5437727,21.06829777,20.09949614,21.33843179,22.21724675,26.25900663,
Latin America & Caribbean (developing only),LAC,"International tourism, expenditures (% of total imports)",ST.INT.XPND.MP.ZS,,,,,,,,,,,,,,,,,,,,,,,,,,,,,,,,,,,,,,,,,,,,,,5.21377634,4.934814606,4.906778793,4.642373268,5.518811555,5.238225468,5.112167399,5.270024523,5.587441289,
Lao PDR,LAO,"International tourism, expenditures (% of total imports)",ST.INT.XPND.MP.ZS,418,,,,,,,,,,,,,,,,,,,,,,,,,,,,,,,,,,,,,,,,,,,,,1.085848016,1.36658053,1.26300316,3.375073152,5.699213165,9.253095643,9.006472984,7.100077765,11.28475707,
Lebanon,LBN,"International tourism, expenditures (% of total imports)",ST.INT.XPND.MP.ZS,422,,,,,,,,,,,,,,,,,,,,,,,,,,,,,,,,,,,,,,,,,,,,,21.15804947,21.30597343,18.25026494,14.822638,16.74079359,16.10761653,13.75987684,14.24148903,14.12179571,
Liberia,LBR,"International tourism, expenditures (% of total imports)",ST.INT.XPND.MP.ZS,430,,,,,,,,,,,,,,,,,,,,,,,,,,,,,,,,,,,,,,,,,,,,,2.840260133,2.389645929,2.747079185,2.710362873,2.992666516,7.454131889,3.986459377,7.838982509,8.665794176,
Libya,LBY,"International tourism, expenditures (% of total imports)",ST.INT.XPND.MP.ZS,434,,,,,,,,,,,,,,,,,,,,,,,,,,,,,,,,,,,,,,,,,,,,,6.803224137,5.797376925,4.969127451,5.149504855,6.2183632,7.117159393,,8.144626971,6.109922156,
St. Lucia,LCA,"International tourism, expenditures (% of total imports)",ST.INT.XPND.MP.ZS,662,,,,,,,,,,,,,,,,,,,,,,,,,,,,,,,,,,,,,,,,,,,,,6.556301017,5.518717262,5.619582552,5.485929652,7.253528331,6.095819934,5.880737946,5.948959077,6.724140319,
Latin America & Caribbean (all income levels),LCN,"International tourism, expenditures (% of total imports)",ST.INT.XPND.MP.ZS,,,,,,,,,,,,,,,,,,,,,,,,,,,,,,,,,,,,,,,,,,,,,,5.187159824,4.888339324,4.864401428,4.500466518,5.378102191,5.094769234,4.893471846,5.126868581,5.458116936,
Least developed countries: UN classification,LDC,"International tourism, expenditures (% of total imports)",ST.INT.XPND.MP.ZS,,,,,,,,,,,,,,,,,,,,,,,,,,,,,,,,,,,,,,,,,,,,,,4.557988433,5.287242157,4.88039447,3.962291343,3.929832817,3.899899551,3.400345972,3.152474545,3.204713336,
Low income,LIC,"International tourism, expenditures (% of total imports)",ST.INT.XPND.MP.ZS,,,,,,,,,,,,,,,,,,,,,,,,,,,,,,,,,,,,,,,,,,,,,,4.426128834,4.508591056,4.382406379,4.122418539,4.334430201,3.796813678,3.289103126,3.25818189,3.923024721,
Liechtenstein,LIE,"International tourism, expenditures (% of total imports)",ST.INT.XPND.MP.ZS,438,,,,,,,,,,,,,,,,,,,,,,,,,,,,,,,,,,,,,,,,,,,,,,,,,,,,,,
Sri Lanka,LKA,"International tourism, expenditures (% of total imports)",ST.INT.XPND.MP.ZS,144,,,,,,,,,,,,,,,,,,,,,,,,,,,,,,,,,,,,,,,,,,,,,5.484041311,5.730895724,5.552683928,4.951567678,6.277544327,5.440742885,4.161077746,5.610113883,8.40617837,
Lower middle income,LMC,"International tourism, expenditures (% of total imports)",ST.INT.XPND.MP.ZS,,,,,,,,,,,,,,,,,,,,,,,,,,,,,,,,,,,,,,,,,,,,,,5.205273789,5.323678231,5.402498743,5.107472887,5.002644468,4.689171473,4.228314647,4.191966725,4.026897783,
Low & middle income,LMY,"International tourism, expenditures (% of total imports)",ST.INT.XPND.MP.ZS,,,,,,,,,,,,,,,,,,,,,,,,,,,,,,,,,,,,,,,,,,,,,,4.595559262,4.472399058,4.410610407,4.230050479,4.802961891,4.51002974,4.28418257,4.691584483,5.079162604,
Lesotho,LSO,"International tourism, expenditures (% of total imports)",ST.INT.XPND.MP.ZS,426,,,,,,,,,,,,,,,,,,,,,,,,,,,,,,,,,,,,,,,,,,,,,16.35451768,15.14265963,14.66608884,12.81297525,12.26610273,11.50853923,11.39427895,9.459951914,9.561571954,
Lithuania,LTU,"International tourism, expenditures (% of total imports)",ST.INT.XPND.MP.ZS,440,,,,,,,,,,,,,,,,,,,,,,,,,,,,,,,,,,,,,,,,,,,,,4.792469758,4.683593128,4.630300282,4.607785281,5.658320684,3.683766673,2.636313446,3.023033722,2.965709003,
Luxembourg,LUX,"International tourism, expenditures (% of total imports)",ST.INT.XPND.MP.ZS,442,,,,,,,,,,,,,,,,,,,,,,,,,,,,,,,,,,,,,,,,,,,,,6.941612827,6.212861327,5.721949144,5.677576128,6.766219253,6.001406823,5.545759657,5.203050504,5.171870224,
Latvia,LVA,"International tourism, expenditures (% of total imports)",ST.INT.XPND.MP.ZS,428,,,,,,,,,,,,,,,,,,,,,,,,,,,,,,,,,,,,,,,,,,,,,6.878806973,6.131102898,5.835686279,6.772021259,8.049684143,6.021132535,5.30357184,4.783707678,4.813992672,
"Macao SAR, China",MAC,"International tourism, expenditures (% of total imports)",ST.INT.XPND.MP.ZS,446,,,,,,,,,,,,,,,,,,,,,,,,,,,,,,,,,,,,,,,,,,,,,8.370422088,7.262595776,6.533421544,6.877180452,9.299734153,8.753919399,7.529257151,7.68368734,7.672420694,
St. Martin (French part),MAF,"International tourism, expenditures (% of total imports)",ST.INT.XPND.MP.ZS,663,,,,,,,,,,,,,,,,,,,,,,,,,,,,,,,,,,,,,,,,,,,,,,,,,,,,,,
Morocco,MAR,"International tourism, expenditures (% of total imports)",ST.INT.XPND.MP.ZS,504,,,,,,,,,,,,,,,,,,,,,,,,,,,,,,,,,,,,,,,,,,,,,4.862905136,4.665530999,4.520227876,4.408167223,4.904694572,5.078550768,4.922949888,4.456175946,4.221418028,
Monaco,MCO,"International tourism, expenditures (% of total imports)",ST.INT.XPND.MP.ZS,492,,,,,,,,,,,,,,,,,,,,,,,,,,,,,,,,,,,,,,,,,,,,,,,,,,,,,,
Moldova,MDA,"International tourism, expenditures (% of total imports)",ST.INT.XPND.MP.ZS,498,,,,,,,,,,,,,,,,,,,,,,,,,,,,,,,,,,,,,,,,,,,,,6.681181862,7.657360467,7.133650166,6.686670802,8.288135547,7.093430959,6.291201511,7.013293379,7.228706961,
Madagascar,MDG,"International tourism, expenditures (% of total imports)",ST.INT.XPND.MP.ZS,450,,,,,,,,,,,,,,,,,,,,,,,,,,,,,,,,,,,,,,,,,,,,,4.879171718,,,,,,,,,
Maldives,MDV,"International tourism, expenditures (% of total imports)",ST.INT.XPND.MP.ZS,462,,,,,,,,,,,,,,,,,,,,,,,,,,,,,,,,,,,,,,,,,,,,,10.82261352,10.12895214,9.292729432,10.15905414,14.32401516,14.88303319,10.10311769,9.622435331,10.44387729,
Middle East & North Africa (all income levels),MEA,"International tourism, expenditures (% of total imports)",ST.INT.XPND.MP.ZS,,,,,,,,,,,,,,,,,,,,,,,,,,,,,,,,,,,,,,,,,,,,,,8.045855839,8.3859811,8.948573568,6.874857368,8.452376781,8.33641365,7.762829617,7.732361724,8.52797288,
Mexico,MEX,"International tourism, expenditures (% of total imports)",ST.INT.XPND.MP.ZS,484,,,,,,,,,,,,,,,,,,,,,,,,,,,,,,,,,,,,,,,,,,,,,3.65198586,3.349241853,3.225273582,3.057135535,3.361118787,2.747603113,2.543083573,2.671337286,2.892939054,
Marshall Islands,MHL,"International tourism, expenditures (% of total imports)",ST.INT.XPND.MP.ZS,584,,,,,,,,,,,,,,,,,,,,,,,,,,,,,,,,,,,,,,,,,,,,,,,,,,,,,,
Middle income,MIC,"International tourism, expenditures (% of total imports)",ST.INT.XPND.MP.ZS,,,,,,,,,,,,,,,,,,,,,,,,,,,,,,,,,,,,,,,,,,,,,,4.599968123,4.471485307,4.411327166,4.232903261,4.817089003,4.531200041,4.313380016,4.733244344,5.106191088,
"Macedonia, FYR",MKD,"International tourism, expenditures (% of total imports)",ST.INT.XPND.MP.ZS,807,,,,,,,,,,,,,,,,,,,,,,,,,,,,,,,,,,,,,,,,,,,,,3.043335574,2.916014576,2.826875227,2.786099903,2.922732645,2.580810392,2.292862511,2.347442587,2.519003766,
Mali,MLI,"International tourism, expenditures (% of total imports)",ST.INT.XPND.MP.ZS,466,,,,,,,,,,,,,,,,,,,,,,,,,,,,,,,,,,,,,,,,,,,,,7.253907311,9.117201449,7.664241935,6.068471064,6.792614578,4.459525349,4.44043296,,,
Malta,MLT,"International tourism, expenditures (% of total imports)",ST.INT.XPND.MP.ZS,470,,,,,,,,,,,,,,,,,,,,,,,,,,,,,,,,,,,,,,,,,,,,,6.331150663,5.828875957,3.965360682,4.399048387,5.221100097,4.626295372,4.552611772,4.782778324,5.576447139,
Myanmar,MMR,"International tourism, expenditures (% of total imports)",ST.INT.XPND.MP.ZS,104,,,,,,,,,,,,,,,,,,,,,,,,,,,,,,,,,,,,,,,,,,,,,1.68697422,1.52279659,1.179398582,1.387227316,1.322289693,1.140640128,1.538245774,2.91594485,1.197095367,
Middle East & North Africa (developing only),MNA,"International tourism, expenditures (% of total imports)",ST.INT.XPND.MP.ZS,,,,,,,,,,,,,,,,,,,,,,,,,,,,,,,,,,,,,,,,,,,,,,5.934073948,5.712091314,5.414765054,4.723070657,5.384699573,5.621465052,4.637269285,4.789306504,4.800066929,
Montenegro,MNE,"International tourism, expenditures (% of total imports)",ST.INT.XPND.MP.ZS,499,,,,,,,,,,,,,,,,,,,,,,,,,,,,,,,,,,,,,,,,,,,,,,,1.829271111,1.883031889,2.800739599,2.791650473,2.397852952,2.460701263,2.953251794,
Mongolia,MNG,"International tourism, expenditures (% of total imports)",ST.INT.XPND.MP.ZS,496,,,,,,,,,,,,,,,,,,,,,,,,,,,,,,,,,,,,,,,,,,,,,10.99613546,11.27701563,9.169802221,6.610861969,9.201282642,8.245863027,5.321979371,5.251003009,6.016030901,
Northern Mariana Islands,MNP,"International tourism, expenditures (% of total imports)",ST.INT.XPND.MP.ZS,580,,,,,,,,,,,,,,,,,,,,,,,,,,,,,,,,,,,,,,,,,,,,,,,,,,,,,,
Mozambique,MOZ,"International tourism, expenditures (% of total imports)",ST.INT.XPND.MP.ZS,508,,,,,,,,,,,,,,,,,,,,,,,,,,,,,,,,,,,,,,,,,,,,,6.468574355,5.767304338,5.698455071,5.191400384,5.530312213,5.472272483,3.398701813,2.048106071,2.499207424,
Mauritania,MRT,"International tourism, expenditures (% of total imports)",ST.INT.XPND.MP.ZS,478,,,,,,,,,,,,,,,,,,,,,,,,,,,,,,,,,,,,,,,,,,,,,,,,,,,,2.436380088,2.596606754,
Mauritius,MUS,"International tourism, expenditures (% of total imports)",ST.INT.XPND.MP.ZS,480,,,,,,,,,,,,,,,,,,,,,,,,,,,,,,,,,,,,,,,,,,,,,7.137758394,7.342862705,7.349240242,7.75461485,7.512933878,6.894163433,5.780079987,5.219817879,5.810213021,
Malawi,MWI,"International tourism, expenditures (% of total imports)",ST.INT.XPND.MP.ZS,454,,,,,,,,,,,,,,,,,,,,,,,,,,,,,,,,,,,,,,,,,,,,,6.415470493,6.439751722,5.136682334,4.34850097,4.183014446,3.783342318,3.45471743,3.989114489,,
Malaysia,MYS,"International tourism, expenditures (% of total imports)",ST.INT.XPND.MP.ZS,458,,,,,,,,,,,,,,,,,,,,,,,,,,,,,,,,,,,,,,,,,,,,,3.32293956,3.456970948,3.949718053,4.323268033,4.969663714,4.39345653,4.685676274,5.033486378,5.166753232,
North America,NAC,"International tourism, expenditures (% of total imports)",ST.INT.XPND.MP.ZS,,,,,,,,,,,,,,,,,,,,,,,,,,,,,,,,,,,,,,,,,,,,,,5.205127205,5.028642908,5.096393265,5.037048876,5.604361064,5.173092167,4.868165277,5.180979501,5.150857611,
Namibia,NAM,"International tourism, expenditures (% of total imports)",ST.INT.XPND.MP.ZS,516,,,,,,,,,,,,,,,,,,,,,,,,,,,,,,,,,,,,,,,,,,,,,4.007483389,3.968749817,3.652524793,2.580035192,2.413001581,2.485368149,3.29306649,2.132755566,1.700995183,
New Caledonia,NCL,"International tourism, expenditures (% of total imports)",ST.INT.XPND.MP.ZS,540,,,,,,,,,,,,,,,,,,,,,,,,,,,,,,,,,,,,,,,,,,,,,4.932927012,4.226142947,3.81684647,3.858118562,5.01823709,4.130919534,3.719639485,3.612437874,,
Niger,NER,"International tourism, expenditures (% of total imports)",ST.INT.XPND.MP.ZS,562,,,,,,,,,,,,,,,,,,,,,,,,,,,,,,,,,,,,,,,,,,,,,4.00462435,3.900404687,3.740509313,5.024014233,3.321627064,3.38409334,1.861536196,4.81458991,,
Nigeria,NGA,"International tourism, expenditures (% of total imports)",ST.INT.XPND.MP.ZS,566,,,,,,,,,,,,,,,,,,,,,,,,,,,,,,,,,,,,,,,,,,,,,1.535558069,9.846332815,14.28929328,17.14241252,12.60407058,12.3610482,11.05697387,11.98918928,,
Nicaragua,NIC,"International tourism, expenditures (% of total imports)",ST.INT.XPND.MP.ZS,558,,,,,,,,,,,,,,,,,,,,,,,,,,,,,,,,,,,,,,,,,,,,,5.67863152,5.215123859,6.417186098,6.373461826,6.836204539,6.307273494,5.684538056,5.051945406,5.576081474,
Netherlands,NLD,"International tourism, expenditures (% of total imports)",ST.INT.XPND.MP.ZS,528,,,,,,,,,,,,,,,,,,,,,,,,,,,,,,,,,,,,,,,,,,,,,4.589347856,4.267820016,4.035904999,4.063529752,4.732939713,3.952159411,3.598965487,3.56115198,3.562225698,
High income: nonOECD,NOC,"International tourism, expenditures (% of total imports)",ST.INT.XPND.MP.ZS,,,,,,,,,,,,,,,,,,,,,,,,,,,,,,,,,,,,,,,,,,,,,,6.3655358,6.061281367,6.301423322,5.651751098,6.897454453,6.314568186,6.1297557,6.666434503,7.196166919,
Norway,NOR,"International tourism, expenditures (% of total imports)",ST.INT.XPND.MP.ZS,578,,,,,,,,,,,,,,,,,,,,,,,,,,,,,,,,,,,,,,,,,,,,,12.39989163,11.83470225,11.08054435,11.23636714,12.56766016,12.20373631,12.22040323,12.62928857,13.15620942,
Nepal,NPL,"International tourism, expenditures (% of total imports)",ST.INT.XPND.MP.ZS,524,,,,,,,,,,,,,,,,,,,,,,,,,,,,,,,,,,,,,,,,,,,,,8.151394739,8.896115736,10.99814138,12.46828787,11.19893862,8.968301969,6.514385537,8.207505591,7.941050534,
New Zealand,NZL,"International tourism, expenditures (% of total imports)",ST.INT.XPND.MP.ZS,554,,,,,,,,,,,,,,,,,,,,,,,,,,,,,,,,,,,,,,,,,,,,,7.985101697,7.66118586,7.868337181,6.877669677,7.823974336,7.602617388,7.201851745,7.430667619,7.512642885,
High income: OECD,OEC,"International tourism, expenditures (% of total imports)",ST.INT.XPND.MP.ZS,,,,,,,,,,,,,,,,,,,,,,,,,,,,,,,,,,,,,,,,,,,,,,6.703627915,6.158235536,6.099641449,5.844199146,6.440761214,5.851434665,5.439939677,5.544372913,5.651425292,
OECD members,OED,"International tourism, expenditures (% of total imports)",ST.INT.XPND.MP.ZS,,,,,,,,,,,,,,,,,,,,,,,,,,,,,,,,,,,,,,,,,,,,,,6.543359619,5.997145564,5.936082876,5.683768559,6.287483424,5.689706961,5.274819824,5.367143956,5.469472179,
Oman,OMN,"International tourism, expenditures (% of total imports)",ST.INT.XPND.MP.ZS,512,,,,,,,,,,,,,,,,,,,,,,,,,,,,,,,,,,,,,,,,,,,,,7.723219689,6.488851219,4.897564892,4.502553341,6.013392737,7.294490106,6.779696283,6.353805405,5.710923954,
Other small states,OSS,"International tourism, expenditures (% of total imports)",ST.INT.XPND.MP.ZS,,,,,,,,,,,,,,,,,,,,,,,,,,,,,,,,,,,,,,,,,,,,,,8.440861422,7.181542733,6.119207447,5.19543253,5.463065915,5.216201214,4.6213441,4.1636826,4.147584279,
Pakistan,PAK,"International tourism, expenditures (% of total imports)",ST.INT.XPND.MP.ZS,586,,,,,,,,,,,,,,,,,,,,,,,,,,,,,,,,,,,,,,,,,,,,,5.988412609,5.780877121,5.542089818,4.513113694,3.123539397,3.423544993,3.947017628,3.787762066,3.298347071,
Panama,PAN,"International tourism, expenditures (% of total imports)",ST.INT.XPND.MP.ZS,591,,,,,,,,,,,,,,,,,,,,,,,,,,,,,,,,,,,,,,,,,,,,,3.625626075,3.390663308,3.127202557,3.153401732,3.065820671,2.874770018,2.387381686,2.317143509,2.753896452,
Peru,PER,"International tourism, expenditures (% of total imports)",ST.INT.XPND.MP.ZS,604,,,,,,,,,,,,,,,,,,,,,,,,,,,,,,,,,,,,,,,,,,,,,6.49716874,5.85684827,5.264166876,4.237564709,5.478860315,4.762752434,4.115340684,3.980234552,4.29823627,
Philippines,PHL,"International tourism, expenditures (% of total imports)",ST.INT.XPND.MP.ZS,608,,,,,,,,,,,,,,,,,,,,,,,,,,,,,,,,,,,,,,,,,,,,,7.50730059,6.303674496,6.169859019,6.652836361,7.771720327,9.084806502,8.525680594,8.973128442,10.71049269,
Palau,PLW,"International tourism, expenditures (% of total imports)",ST.INT.XPND.MP.ZS,585,,,,,,,,,,,,,,,,,,,,,,,,,,,,,,,,,,,,,,,,,,,,,,,,,,,,,,
Papua New Guinea,PNG,"International tourism, expenditures (% of total imports)",ST.INT.XPND.MP.ZS,598,,,,,,,,,,,,,,,,,,,,,,,,,,,,,,,,,,,,,,,,,,,,,2.0191409,1.199014767,1.770629782,1.504942926,2.802164503,2.195493874,2.581395302,2.388412073,,
Poland,POL,"International tourism, expenditures (% of total imports)",ST.INT.XPND.MP.ZS,616,,,,,,,,,,,,,,,,,,,,,,,,,,,,,,,,,,,,,,,,,,,,,5.124771759,5.289710842,4.424079466,4.460645414,4.536122788,4.393185252,3.683352755,3.978557887,3.965809949,
Puerto Rico,PRI,"International tourism, expenditures (% of total imports)",ST.INT.XPND.MP.ZS,630,,,,,,,,,,,,,,,,,,,,,,,,,,,,,,,,,,,,,,,,,,,,,,,,,,,,,,
"Korea, Dem. Rep.",PRK,"International tourism, expenditures (% of total imports)",ST.INT.XPND.MP.ZS,410,,,,,,,,,,,,,,,,,,,,,,,,,,,,,,,,,,,,,,,,,,,,,,,,,,,,,,
Portugal,PRT,"International tourism, expenditures (% of total imports)",ST.INT.XPND.MP.ZS,620,,,,,,,,,,,,,,,,,,,,,,,,,,,,,,,,,,,,,,,,,,,,,5.25862871,5.204367938,5.238781405,4.925172213,5.541723862,5.285899796,5.218729865,5.410517756,5.686325101,
Paraguay,PRY,"International tourism, expenditures (% of total imports)",ST.INT.XPND.MP.ZS,600,,,,,,,,,,,,,,,,,,,,,,,,,,,,,,,,,,,,,,,,,,,,,3.228872036,2.749563997,2.874334267,2.315283723,3.233339341,2.535944023,2.439330346,3.039866026,3.286583068,
Pacific island small states,PSS,"International tourism, expenditures (% of total imports)",ST.INT.XPND.MP.ZS,,,,,,,,,,,,,,,,,,,,,,,,,,,,,,,,,,,,,,,,,,,,,,6.972559883,6.270222756,6.321148669,6.118867595,7.746624555,6.989206363,6.981239213,6.911359082,5.229934234,
French Polynesia,PYF,"International tourism, expenditures (% of total imports)",ST.INT.XPND.MP.ZS,258,,,,,,,,,,,,,,,,,,,,,,,,,,,,,,,,,,,,,,,,,,,,,18.57636621,5.659940629,6.292048195,5.549679778,6.898764668,6.866757935,7.141667596,7.120225795,,
Qatar,QAT,"International tourism, expenditures (% of total imports)",ST.INT.XPND.MP.ZS,634,,,,,,,,,,,,,,,,,,,,,,,,,,,,,,,,,,,,,,,,,,,,,,,,,,,17.84089854,19.56722528,19.89540985,
Romania,ROU,"International tourism, expenditures (% of total imports)",ST.INT.XPND.MP.ZS,642,,,,,,,,,,,,,,,,,,,,,,,,,,,,,,,,,,,,,,,,,,,,,3.136224681,3.24983116,2.56604784,2.880166426,3.186009653,2.999145813,2.949681897,2.928556551,2.777157127,
Russian Federation,RUS,"International tourism, expenditures (% of total imports)",ST.INT.XPND.MP.ZS,643,,,,,,,,,,,,,,,,,,,,,,,,,,,,,,,,,,,,,,,,,,,,,10.93239206,8.999315462,7.9164796,7.208895928,9.617061348,9.399660053,9.106935957,10.81543622,12.66752233,
Rwanda,RWA,"International tourism, expenditures (% of total imports)",ST.INT.XPND.MP.ZS,646,,,,,,,,,,,,,,,,,,,,,,,,,,,,,,,,,,,,,,,,,,,,,11.53737406,10.41037074,10.12262029,10.25824642,9.595915208,7.268007806,6.624480507,5.350855036,5.79538886,
South Asia,SAS,"International tourism, expenditures (% of total imports)",ST.INT.XPND.MP.ZS,,,,,,,,,,,,,,,,,,,,,,,,,,,,,,,,,,,,,,,,,,,,,,4.698283853,4.189624163,4.112102836,3.469167818,3.091639585,2.665046929,2.670138177,2.675890119,2.819099557,
Saudi Arabia,SAU,"International tourism, expenditures (% of total imports)",ST.INT.XPND.MP.ZS,682,,,,,,,,,,,,,,,,,,,,,,,,,,,,,,,,,,,,,,,,,,,,,10.35958092,11.43573714,14.43558404,9.058514099,13.1499588,12.67255668,9.193983143,8.357567776,8.111322557,
Sudan,SDN,"International tourism, expenditures (% of total imports)",ST.INT.XPND.MP.ZS,729,,,,,,,,,,,,,,,,,,,,,,,,,,,,,,,,,,,,,,,,,,,,,8.954229381,14.68257959,14.19690523,11.03968296,8.166376632,9.813611336,8.953399177,6.914367158,4.367401483,
Senegal,SEN,"International tourism, expenditures (% of total imports)",ST.INT.XPND.MP.ZS,686,,,,,,,,,,,,,,,,,,,,,,,,,,,,,,,,,,,,,,,,,,,,,3.897307871,3.44469683,6.518117127,3.934794322,4.893908449,4.172073387,3.893899055,,,
Singapore,SGP,"International tourism, expenditures (% of total imports)",ST.INT.XPND.MP.ZS,702,,,,,,,,,,,,,,,,,,,,,,,,,,,,,,,,,,,,,,,,,,,,,4.027051304,3.807222753,4.079293886,4.059542396,4.848150838,4.576269587,4.510921449,4.773338783,4.924704781,
Solomon Islands,SLB,"International tourism, expenditures (% of total imports)",ST.INT.XPND.MP.ZS,90,,,,,,,,,,,,,,,,,,,,,,,,,,,,,,,,,,,,,,,,,,,,,4.607663012,10.06085756,9.950271816,10.31141928,10.95836876,9.346159482,10.81945557,10.70116115,9.528850429,
Sierra Leone,SLE,"International tourism, expenditures (% of total imports)",ST.INT.XPND.MP.ZS,694,,,,,,,,,,,,,,,,,,,,,,,,,,,,,,,,,,,,,,,,,,,,,7.416658554,3.446835061,3.532374878,4.120459177,3.468489144,1.942805642,1.046811091,1.097740594,0.752955267,
El Salvador,SLV,"International tourism, expenditures (% of total imports)",ST.INT.XPND.MP.ZS,222,,,,,,,,,,,,,,,,,,,,,,,,,,,,,,,,,,,,,,,,,,,,,4.425173089,4.055091121,4.09925852,3.361001455,3.412532511,3.257698827,2.391766544,2.730022194,2.429552211,
San Marino,SMR,"International tourism, expenditures (% of total imports)",ST.INT.XPND.MP.ZS,674,,,,,,,,,,,,,,,,,,,,,,,,,,,,,,,,,,,,,,,,,,,,,,,,,,,,,,
Somalia,SOM,"International tourism, expenditures (% of total imports)",ST.INT.XPND.MP.ZS,706,,,,,,,,,,,,,,,,,,,,,,,,,,,,,,,,,,,,,,,,,,,,,,,,,,,,,,
Serbia,SRB,"International tourism, expenditures (% of total imports)",ST.INT.XPND.MP.ZS,688,,,,,,,,,,,,,,,,,,,,,,,,,,,,,,,,,,,,,,,,,,,,,,,5.49491642,5.289764253,5.842668144,5.699966477,5.463153042,5.43896875,5.45404002,
Sub-Saharan Africa (developing only),SSA,"International tourism, expenditures (% of total imports)",ST.INT.XPND.MP.ZS,,,,,,,,,,,,,,,,,,,,,,,,,,,,,,,,,,,,,,,,,,,,,,5.521695335,6.750557967,7.122659456,7.222831954,6.620196771,6.733636125,6.070677452,5.558708322,4.18852242,
South Sudan,SSD,"International tourism, expenditures (% of total imports)",ST.INT.XPND.MP.ZS,728,,,,,,,,,,,,,,,,,,,,,,,,,,,,,,,,,,,,,,,,,,,,,,,,,,,,,,
Sub-Saharan Africa (all income levels),SSF,"International tourism, expenditures (% of total imports)",ST.INT.XPND.MP.ZS,,,,,,,,,,,,,,,,,,,,,,,,,,,,,,,,,,,,,,,,,,,,,,5.521695335,6.750557967,7.122659456,7.222831954,6.620196771,6.733636125,6.070677452,5.558708322,4.18852242,
Small states,SST,"International tourism, expenditures (% of total imports)",ST.INT.XPND.MP.ZS,,,,,,,,,,,,,,,,,,,,,,,,,,,,,,,,,,,,,,,,,,,,,,7.560117053,6.427579739,5.757985637,4.738045851,5.450272726,5.289140154,4.043631893,4.303308967,4.540970023,
Sao Tome and Principe,STP,"International tourism, expenditures (% of total imports)",ST.INT.XPND.MP.ZS,678,,,,,,,,,,,,,,,,,,,,,,,,,,,,,,,,,,,,,,,,,,,,,0.850982546,1.420059412,0.837970613,0.272906338,0.399026677,0.456361818,0.917854178,1.09686703,1.6760121,
Suriname,SUR,"International tourism, expenditures (% of total imports)",ST.INT.XPND.MP.ZS,740,,,,,,,,,,,,,,,,,,,,,,,,,,,,,,,,,,,,,,,,,,,,,6.100330975,2.815939927,2.054744258,1.929544076,2.088305489,2.474500573,2.185995856,2.244655142,2.768159983,
Slovak Republic,SVK,"International tourism, expenditures (% of total imports)",ST.INT.XPND.MP.ZS,,,,,,,,,,,,,,,,,,,,,,,,,,,,,,,,,,,,,,,,,,,,,,2.933343293,2.515140746,2.798813182,3.232963708,3.618750848,3.076158371,2.882638748,2.787017044,2.985464116,
Slovenia,SVN,"International tourism, expenditures (% of total imports)",ST.INT.XPND.MP.ZS,705,,,,,,,,,,,,,,,,,,,,,,,,,,,,,,,,,,,,,,,,,,,,,4.58014581,4.063249916,3.746922665,4.185681602,5.184257515,4.522524148,3.689430128,3.385433229,3.276806733,
Sweden,SWE,"International tourism, expenditures (% of total imports)",ST.INT.XPND.MP.ZS,752,,,,,,,,,,,,,,,,,,,,,,,,,,,,,,,,,,,,,,,,,,,,,7.859599412,6.965478102,7.142136162,6.922235414,7.727798637,7.625279115,7.443097941,8.168769144,9.143082643,
Swaziland,SWZ,"International tourism, expenditures (% of total imports)",ST.INT.XPND.MP.ZS,748,,,,,,,,,,,,,,,,,,,,,,,,,,,,,,,,,,,,,,,,,,,,,2.748441525,2.477123895,2.579657475,2.706191227,4.338239902,3.314493993,2.768033217,3.402793783,4.010466509,
Sint Maarten (Dutch part),SXM,"International tourism, expenditures (% of total imports)",ST.INT.XPND.MP.ZS,534,,,,,,,,,,,,,,,,,,,,,,,,,,,,,,,,,,,,,,,,,,,,,,,,,,,,,,
Seychelles,SYC,"International tourism, expenditures (% of total imports)",ST.INT.XPND.MP.ZS,690,,,,,,,,,,,,,,,,,,,,,,,,,,,,,,,,,,,,,,,,,,,,,6.667465421,5.688119727,7.695067308,5.902018379,5.647770918,6.013056457,5.504157082,4.847468562,4.880819235,
Syrian Arab Republic,SYR,"International tourism, expenditures (% of total imports)",ST.INT.XPND.MP.ZS,760,,,,,,,,,,,,,,,,,,,,,,,,,,,,,,,,,,,,,,,,,,,,,5.260787316,4.924656958,4.6437691,4.730682355,5.87996102,8.233380322,,,,
Turks and Caicos Islands,TCA,"International tourism, expenditures (% of total imports)",ST.INT.XPND.MP.ZS,796,,,,,,,,,,,,,,,,,,,,,,,,,,,,,,,,,,,,,,,,,,,,,,,,,,,,,,
Chad,TCD,"International tourism, expenditures (% of total imports)",ST.INT.XPND.MP.ZS,148,,,,,,,,,,,,,,,,,,,,,,,,,,,,,,,,,,,,,,,,,,,,,,,,,,,,,,
Togo,TGO,"International tourism, expenditures (% of total imports)",ST.INT.XPND.MP.ZS,768,,,,,,,,,,,,,,,,,,,,,,,,,,,,,,,,,,,,,,,,,,,,,3.595497882,3.461875526,4.283330726,4.080595336,5.562517415,4.867761368,,,,
Thailand,THA,"International tourism, expenditures (% of total imports)",ST.INT.XPND.MP.ZS,764,,,,,,,,,,,,,,,,,,,,,,,,,,,,,,,,,,,,,,,,,,,,,3.703128961,4.203068667,4.233567811,3.2871874,3.716343208,3.455221726,2.878895838,2.88190465,3.057477856,
Tajikistan,TJK,"International tourism, expenditures (% of total imports)",ST.INT.XPND.MP.ZS,762,,,,,,,,,,,,,,,,,,,,,,,,,,,,,,,,,,,,,,,,,,,,,0.22586182,0.255418284,0.177228247,0.259955226,0.189410855,0.740089166,0.325521515,0.252225851,,
Turkmenistan,TKM,"International tourism, expenditures (% of total imports)",ST.INT.XPND.MP.ZS,795,,,,,,,,,,,,,,,,,,,,,,,,,,,,,,,,,,,,,,,,,,,,,,,,,,,,,,
Timor-Leste,TLS,"International tourism, expenditures (% of total imports)",ST.INT.XPND.MP.ZS,626,,,,,,,,,,,,,,,,,,,,,,,,,,,,,,,,,,,,,,,,,,,,,,0.691259206,0.998154198,6.368148908,5.935885227,5.064218333,3.323521835,5.539217272,4.732718234,
Tonga,TON,"International tourism, expenditures (% of total imports)",ST.INT.XPND.MP.ZS,776,,,,,,,,,,,,,,,,,,,,,,,,,,,,,,,,,,,,,,,,,,,,,10.35341731,8.80039574,8.677692579,10.1416873,7.983896343,8.974870197,10.01475474,11.56732323,,
Trinidad and Tobago,TTO,"International tourism, expenditures (% of total imports)",ST.INT.XPND.MP.ZS,780,,,,,,,,,,,,,,,,,,,,,,,,,,,,,,,,,,,,,,,,,,,,,3.741366078,2.130267305,1.926327302,1.032691782,1.851372875,1.4118332,1.299349181,,,
Tunisia,TUN,"International tourism, expenditures (% of total imports)",ST.INT.XPND.MP.ZS,788,,,,,,,,,,,,,,,,,,,,,,,,,,,,,,,,,,,,,,,,,,,,,3.074631644,3.006547179,2.556253686,2.098578599,2.277336944,2.520644207,2.62782088,2.559144118,2.921780507,
Turkey,TUR,"International tourism, expenditures (% of total imports)",ST.INT.XPND.MP.ZS,792,,,,,,,,,,,,,,,,,,,,,,,,,,,,,,,,,,,,,,,,,,,,,2.887475181,2.393493943,2.386147555,2.125352929,3.334629145,2.950156206,2.126960371,1.854312636,1.980436237,
Tuvalu,TUV,"International tourism, expenditures (% of total imports)",ST.INT.XPND.MP.ZS,798,,,,,,,,,,,,,,,,,,,,,,,,,,,,,,,,,,,,,,,,,,,,,,,,,,,,,,
Tanzania,TZA,"International tourism, expenditures (% of total imports)",ST.INT.XPND.MP.ZS,834,,,,,,,,,,,,,,,,,,,,,,,,,,,,,,,,,,,,,,,,,,,,,13.72210406,11.16663279,9.817797497,8.600250995,10.66688161,9.509196434,7.710475628,7.911330973,8.144937977,
Uganda,UGA,"International tourism, expenditures (% of total imports)",ST.INT.XPND.MP.ZS,800,,,,,,,,,,,,,,,,,,,,,,,,,,,,,,,,,,,,,,,,,,,,,7.85759545,6.563838933,5.590260375,5.943211983,6.713598814,7.510102149,7.267489646,8.29938914,7.74623827,
Ukraine,UKR,"International tourism, expenditures (% of total imports)",ST.INT.XPND.MP.ZS,804,,,,,,,,,,,,,,,,,,,,,,,,,,,,,,,,,,,,,,,,,,,,,7.336956522,6.22654351,5.783472096,4.734222699,6.941540056,5.938972532,5.148352293,5.488687514,6.471295184,
Upper middle income,UMC,"International tourism, expenditures (% of total imports)",ST.INT.XPND.MP.ZS,,,,,,,,,,,,,,,,,,,,,,,,,,,,,,,,,,,,,,,,,,,,,,4.402051882,4.191490315,4.08436578,3.923508635,4.753376655,4.477454805,4.342108916,4.915826508,5.424871493,
Uruguay,URY,"International tourism, expenditures (% of total imports)",ST.INT.XPND.MP.ZS,858,,,,,,,,,,,,,,,,,,,,,,,,,,,,,,,,,,,,,,,,,,,,,7.053453044,5.189598535,5.224783731,4.509817223,5.396574041,5.441776223,6.236723818,7.102400576,9.921788243,
United States,USA,"International tourism, expenditures (% of total imports)",ST.INT.XPND.MP.ZS,840,,,,,,,,,,,,,,,,,,,,,,,,,,,,,,,,,,,,,,,,,,,,,5.070360431,4.814360897,4.78134264,4.698901049,5.23446624,4.686400118,4.352141986,4.715844251,4.959282998,
Uzbekistan,UZB,"International tourism, expenditures (% of total imports)",ST.INT.XPND.MP.ZS,860,,,,,,,,,,,,,,,,,,,,,,,,,,,,,,,,,,,,,,,,,,,,,,,,,,,,,,
St. Vincent and the Grenadines,VCT,"International tourism, expenditures (% of total imports)",ST.INT.XPND.MP.ZS,,,,,,,,,,,,,,,,,,,,,,,,,,,,,,,,,,,,,,,,,,,,,,5.151214408,4.910184971,4.973693087,4.178106023,3.607841844,3.854287223,3.451766382,3.481743866,3.295516138,
"Venezuela, RB",VEN,"International tourism, expenditures (% of total imports)",ST.INT.XPND.MP.ZS,862,,,,,,,,,,,,,,,,,,,,,,,,,,,,,,,,,,,,,,,,,,,,,6.280028623,4.570402408,3.893698061,4.014361323,4.262854145,4.337713688,4.674975601,4.131452976,,
Virgin Islands (U.S.),VIR,"International tourism, expenditures (% of total imports)",ST.INT.XPND.MP.ZS,850,,,,,,,,,,,,,,,,,,,,,,,,,,,,,,,,,,,,,,,,,,,,,,,,,,,,,,
Vietnam,VNM,"International tourism, expenditures (% of total imports)",ST.INT.XPND.MP.ZS,,,,,,,,,,,,,,,,,,,,,,,,,,,,,,,,,,,,,,,,,,,,,,2.286690579,2.200808389,1.85455148,1.558304565,1.509123337,1.683964534,1.565718995,1.583509658,1.515095525,
Vanuatu,VUT,"International tourism, expenditures (% of total imports)",ST.INT.XPND.MP.ZS,548,,,,,,,,,,,,,,,,,,,,,,,,,,,,,,,,,,,,,,,,,,,,,6.344337788,5.027444759,5.15554105,7.07461772,9.462450136,8.979396289,9.629667072,10.77257343,10.41640248,
West Bank and Gaza,PSE,"International tourism, expenditures (% of total imports)",ST.INT.XPND.MP.ZS,,,,,,,,,,,,,,,,,,,,,,,,,,,,,,,,,,,,,,,,,,,,,,7.268480723,8.040653539,10.10248507,11.49974422,11.13129556,10.67410761,10.19566263,9.895584315,8.450241139,
World,WLD,"International tourism, expenditures (% of total imports)",ST.INT.XPND.MP.ZS,,,,,,,,,,,,,,,,,,,,,,,,,,,,,,,,,,,,,,,,,,,,,,6.221562352,5.780138681,5.727591082,5.424038275,6.063031531,5.528905706,5.184529141,5.413623713,5.658835143,
Samoa,WSM,"International tourism, expenditures (% of total imports)",ST.INT.XPND.MP.ZS,882,,,,,,,,,,,,,,,,,,,,,,,,,,,,,,,,,,,,,,,,,,,,,7.935690166,7.324846296,6.641470423,6.698829983,6.958237806,6.967075131,5.595197845,5.447305812,3.351697228,
"Yemen, Rep.",YEM,"International tourism, expenditures (% of total imports)",ST.INT.XPND.MP.ZS,887,,,,,,,,,,,,,,,,,,,,,,,,,,,,,,,,,,,,,,,,,,,,,3.761962401,2.891595994,2.639627759,2.105901146,2.773208945,2.370868573,2.409457173,1.08062044,1.235783544,
South Africa,ZAF,"International tourism, expenditures (% of total imports)",ST.INT.XPND.MP.ZS,710,,,,,,,,,,,,,,,,,,,,,,,,,,,,,,,,,,,,,,,,,,,,,7.00461812,6.206782466,6.222645179,6.419176498,7.941403646,8.015987788,6.891718436,5.867591866,5.452209363,
"Congo, Dem. Rep.",COD,"International tourism, expenditures (% of total imports)",ST.INT.XPND.MP.ZS,180,,,,,,,,,,,,,,,,,,,,,,,,,,,,,,,,,,,,,,,,,,,,,1.399108716,2.449044083,1.585500669,1.439028259,1.788327101,1.401188208,2.52437885,0.981031889,1.36890268,
Zambia,ZMB,"International tourism, expenditures (% of total imports)",ST.INT.XPND.MP.ZS,894,,,,,,,,,,,,,,,,,,,,,,,,,,,,,,,,,,,,,,,,,,,,,3.343977303,3.008354054,2.513568987,1.800157918,2.110974323,2.326508923,1.878842199,1.710035765,1.613371952,
Zimbabwe,ZWE,"International tourism, expenditures (% of total imports)",ST.INT.XPND.MP.ZS,716,,,,,,,,,,,,,,,,,,,,,,,,,,,,,,,,,,,,,,,,,,,,,,,,,,,,,,
